1,Rustic Plastic Computer,"Shoes, Industrial & Tools",84.620
2,Rustic Rubber Pants,Outdoors & Jewelery,23.980
3,Sleek Wooden Car,"Baby, Sports & Health",13.920
4,Incredible Steel Pants,"Beauty, Health & Home",76.520
5,Practical Concrete Pants,"Shoes, Tools & Books",97.890
6,Rustic Rubber Pants,Beauty,5.370
7,Awesome Concrete Pants,Jewelery,61.010
8,Sleek Steel Shirt,Clothing & Jewelery,45.000
9,Small Plastic Shirt,Beauty & Movies,45.770
10,Small Rubber Table,Books & Garden,64.650
1,Rustic Plastic Computer,"Shoes, Industrial & Tools",84.620
2,Rustic Rubber Pants,Outdoors & Jewelery,23.980
3,Sleek Wooden Car,"Baby, Sports & Health",13.920
4,Incredible Steel Pants,"Beauty, Health & Home",76.520
5,Practical Concrete Pants,"Shoes, Tools & Books",97.890
6,Rustic Rubber Pants,Beauty,5.370
7,Awesome Concrete Pants,Jewelery,61.010
8,Sleek Steel Shirt,Clothing & Jewelery,45.000
9,Small Plastic Shirt,Beauty & Movies,45.770
10,Small Rubber Table,Books & Garden,64.650
1,Rustic Plastic Computer,"Shoes, Industrial & Tools",84.620
2,Rustic Rubber Pants,Outdoors & Jewelery,23.980
3,Sleek Wooden Car,"Baby, Sports & Health",13.920
4,Incredible Steel Pants,"Beauty, Health & Home",76.520
5,Practical Concrete Pants,"Shoes, Tools & Books",97.890
6,Rustic Rubber Pants,Beauty,5.370
7,Awesome Concrete Pants,Jewelery,61.010
8,Sleek Steel Shirt,Clothing & Jewelery,45.000
9,Small Plastic Shirt,Beauty & Movies,45.770
10,Small Rubber Table,Books & Garden,64.650
1,Rustic Plastic Computer,"Shoes, Industrial & Tools",84.620
2,Rustic Rubber Pants,Outdoors & Jewelery,23.980
3,Sleek Wooden Car,"Baby, Sports & Health",13.920
4,Incredible Steel Pants,"Beauty, Health & Home",76.520
5,Practical Concrete Pants,"Shoes, Tools & Books",97.890
6,Rustic Rubber Pants,Beauty,5.370
7,Awesome Concrete Pants,Jewelery,61.010
8,Sleek Steel Shirt,Clothing & Jewelery,45.000
9,Small Plastic Shirt,Beauty & Movies,45.770
10,Small Rubber Table,Books & Garden,64.650
1,Rustic Plastic Computer,"Shoes, Industrial & Tools",84.620
2,Rustic Rubber Pants,Outdoors & Jewelery,23.980
3,Sleek Wooden Car,"Baby, Sports & Health",13.920
4,Incredible Steel Pants,"Beauty, Health & Home",76.520
5,Practical Concrete Pants,"Shoes, Tools & Books",97.890
6,Rustic Rubber Pants,Beauty,5.370
7,Awesome Concrete Pants,Jewelery,61.010
8,Sleek Steel Shirt,Clothing & Jewelery,45.000
9,Small Plastic Shirt,Beauty & Movies,45.770
10,Small Rubber Table,Books & Garden,64.650
1,Rustic Plastic Computer,"Shoes, Industrial & Tools",84.620
2,Rustic Rubber Pants,Outdoors & Jewelery,23.980
3,Sleek Wooden Car,"Baby, Sports & Health",13.920
4,Incredible Steel Pants,"Beauty, Health & Home",76.520
5,Practical Concrete Pants,"Shoes, Tools & Books",97.890
6,Rustic Rubber Pants,Beauty,5.370
7,Awesome Concrete Pants,Jewelery,61.010
8,Sleek Steel Shirt,Clothing & Jewelery,45.000
9,Small Plastic Shirt,Beauty & Movies,45.770
10,Small Rubber Table,Books & Garden,64.650
1,Rustic Plastic Computer,"Shoes, Industrial & Tools",84.620
2,Rustic Rubber Pants,Outdoors & Jewelery,23.980
3,Sleek Wooden Car,"Baby, Sports & Health",13.920
4,Incredible Steel Pants,"Beauty, Health & Home",76.520
5,Practical Concrete Pants,"Shoes, Tools & Books",97.890
6,Rustic Rubber Pants,Beauty,5.370
7,Awesome Concrete Pants,Jewelery,61.010
8,Sleek Steel Shirt,Clothing & Jewelery,45.000
9,Small Plastic Shirt,Beauty & Movies,45.770
10,Small Rubber Table,Books & Garden,64.650
1,Rustic Plastic Computer,"Shoes, Industrial & Tools",84.620
2,Rustic Rubber Pants,Outdoors & Jewelery,23.980
3,Sleek Wooden Car,"Baby, Sports & Health",13.920
4,Incredible Steel Pants,"Beauty, Health & Home",76.520
5,Practical Concrete Pants,"Shoes, Tools & Books",97.890
6,Rustic Rubber Pants,Beauty,5.370
7,Awesome Concrete Pants,Jewelery,61.010
8,Sleek Steel Shirt,Clothing & Jewelery,45.000
9,Small Plastic Shirt,Beauty & Movies,45.770
10,Small Rubber Table,Books & Garden,64.650
1,Rustic Plastic Computer,"Shoes, Industrial & Tools",84.620
2,Rustic Rubber Pants,Outdoors & Jewelery,23.980
3,Sleek Wooden Car,"Baby, Sports & Health",13.920
4,Incredible Steel Pants,"Beauty, Health & Home",76.520
5,Practical Concrete Pants,"Shoes, Tools & Books",97.890
6,Rustic Rubber Pants,Beauty,5.370
7,Awesome Concrete Pants,Jewelery,61.010
8,Sleek Steel Shirt,Clothing & Jewelery,45.000
9,Small Plastic Shirt,Beauty & Movies,45.770
10,Small Rubber Table,Books & Garden,64.650
1,Rustic Plastic Computer,"Shoes, Industrial & Tools",84.620
2,Rustic Rubber Pants,Outdoors & Jewelery,23.980
3,Sleek Wooden Car,"Baby, Sports & Health",13.920
4,Incredible Steel Pants,"Beauty, Health & Home",76.520
5,Practical Concrete Pants,"Shoes, Tools & Books",97.890
6,Rustic Rubber Pants,Beauty,5.370
7,Awesome Concrete Pants,Jewelery,61.010
8,Sleek Steel Shirt,Clothing & Jewelery,45.000
9,Small Plastic Shirt,Beauty & Movies,45.770
10,Small Rubber Table,Books & Garden,64.650
